case_id,simulator,agent_model,agent_arch,alt_backbone,delta,signed_delta_primary_minus_alt
cardio_001,cooperative,claude_haiku_4_5,single,claude_sonnet_4_6,0.0,0.0
cardio_001,cooperative,gpt_4o,single,claude_sonnet_4_6,0.004,-0.004
cardio_001,cooperative,mistral_small_3_2,single,claude_sonnet_4_6,0.0,0.0
cardio_001,low_health_literacy,claude_haiku_4_5,single,claude_sonnet_4_6,0.143,-0.143
cardio_001,low_health_literacy,gpt_4o,single,claude_sonnet_4_6,0.144,-0.144
cardio_001,low_health_literacy,mistral_small_3_2,single,claude_sonnet_4_6,0.286,0.286
cardio_001,sparse,claude_haiku_4_5,single,claude_sonnet_4_6,0.0,0.0
cardio_001,sparse,gpt_4o,single,claude_sonnet_4_6,0.0,0.0
cardio_001,sparse,mistral_small_3_2,single,claude_sonnet_4_6,0.0,0.0
cardio_001,verbose,claude_haiku_4_5,single,claude_sonnet_4_6,0.143,-0.143
cardio_001,verbose,gpt_4o,single,claude_sonnet_4_6,0.14,0.14
cardio_001,verbose,mistral_small_3_2,single,claude_sonnet_4_6,0.147,-0.147
cardio_002,cooperative,claude_haiku_4_5,single,claude_sonnet_4_6,0.0,0.0
cardio_002,cooperative,gpt_4o,single,claude_sonnet_4_6,0.147,0.147
cardio_002,cooperative,mistral_small_3_2,single,claude_sonnet_4_6,0.004,-0.004
cardio_002,low_health_literacy,claude_haiku_4_5,single,claude_sonnet_4_6,0.29,0.29
cardio_002,low_health_literacy,gpt_4o,single,claude_sonnet_4_6,0.0,0.0
cardio_002,low_health_literacy,mistral_small_3_2,single,claude_sonnet_4_6,0.143,0.143
cardio_002,sparse,claude_haiku_4_5,single,claude_sonnet_4_6,0.004,0.004
cardio_002,sparse,gpt_4o,single,claude_sonnet_4_6,0.28,0.28
cardio_002,sparse,mistral_small_3_2,single,claude_sonnet_4_6,0.14,0.14
cardio_002,verbose,claude_haiku_4_5,single,claude_sonnet_4_6,0.143,-0.143
cardio_002,verbose,gpt_4o,single,claude_sonnet_4_6,0.0,0.0
cardio_002,verbose,mistral_small_3_2,single,claude_sonnet_4_6,0.143,0.143
cardio_003,cooperative,claude_haiku_4_5,single,claude_sonnet_4_6,0.14,-0.14
cardio_003,cooperative,gpt_4o,single,claude_sonnet_4_6,0.14,-0.14
cardio_003,cooperative,mistral_small_3_2,single,claude_sonnet_4_6,0.004,0.004
cardio_003,low_health_literacy,claude_haiku_4_5,single,claude_sonnet_4_6,0.0,0.0
cardio_003,low_health_literacy,gpt_4o,single,claude_sonnet_4_6,0.28,-0.28
cardio_003,low_health_literacy,mistral_small_3_2,single,claude_sonnet_4_6,0.14,-0.14
cardio_003,sparse,claude_haiku_4_5,single,claude_sonnet_4_6,0.14,-0.14
cardio_003,sparse,gpt_4o,single,claude_sonnet_4_6,0.14,0.14
cardio_003,sparse,mistral_small_3_2,single,claude_sonnet_4_6,0.144,-0.144
cardio_003,verbose,claude_haiku_4_5,single,claude_sonnet_4_6,0.287,0.287
cardio_003,verbose,gpt_4o,single,claude_sonnet_4_6,0.14,-0.14
cardio_003,verbose,mistral_small_3_2,single,claude_sonnet_4_6,0.0,0.0
cardio_004,cooperative,claude_haiku_4_5,single,claude_sonnet_4_6,0.143,-0.143
cardio_004,cooperative,gpt_4o,single,claude_sonnet_4_6,0.28,0.28
cardio_004,cooperative,mistral_small_3_2,single,claude_sonnet_4_6,0.0,0.0
cardio_004,low_health_literacy,claude_haiku_4_5,single,claude_sonnet_4_6,0.147,0.147
cardio_004,low_health_literacy,gpt_4o,single,claude_sonnet_4_6,0.0,0.0
cardio_004,low_health_literacy,mistral_small_3_2,single,claude_sonnet_4_6,0.28,0.28
cardio_004,sparse,claude_haiku_4_5,single,claude_sonnet_4_6,0.0,0.0
cardio_004,sparse,gpt_4o,single,claude_sonnet_4_6,0.14,-0.14
cardio_004,sparse,mistral_small_3_2,single,claude_sonnet_4_6,0.0,0.0
cardio_004,verbose,claude_haiku_4_5,single,claude_sonnet_4_6,0.57,0.57
cardio_004,verbose,gpt_4o,single,claude_sonnet_4_6,0.14,0.14
cardio_004,verbose,mistral_small_3_2,single,claude_sonnet_4_6,0.0,0.0
cardio_005,cooperative,claude_haiku_4_5,single,claude_sonnet_4_6,0.0,0.0
cardio_005,cooperative,gpt_4o,single,claude_sonnet_4_6,0.0,0.0
cardio_005,cooperative,mistral_small_3_2,single,claude_sonnet_4_6,0.0,0.0
cardio_005,low_health_literacy,claude_haiku_4_5,single,claude_sonnet_4_6,0.0,0.0
cardio_005,low_health_literacy,gpt_4o,single,claude_sonnet_4_6,0.0,0.0
cardio_005,low_health_literacy,mistral_small_3_2,single,claude_sonnet_4_6,0.147,-0.147
cardio_005,sparse,claude_haiku_4_5,single,claude_sonnet_4_6,0.0,0.0
cardio_005,sparse,gpt_4o,single,claude_sonnet_4_6,0.0,0.0
cardio_005,sparse,mistral_small_3_2,single,claude_sonnet_4_6,0.0,0.0
cardio_005,verbose,claude_haiku_4_5,single,claude_sonnet_4_6,0.0,0.0
cardio_005,verbose,gpt_4o,single,claude_sonnet_4_6,0.14,0.14
cardio_005,verbose,mistral_small_3_2,single,claude_sonnet_4_6,0.147,0.147
infectious_001,cooperative,claude_haiku_4_5,single,claude_sonnet_4_6,0.147,-0.147
infectious_001,cooperative,gpt_4o,single,claude_sonnet_4_6,0.14,0.14
infectious_001,cooperative,mistral_small_3_2,single,claude_sonnet_4_6,0.14,-0.14
infectious_001,low_health_literacy,claude_haiku_4_5,single,claude_sonnet_4_6,0.0,0.0
infectious_001,low_health_literacy,gpt_4o,single,claude_sonnet_4_6,0.14,-0.14
infectious_001,low_health_literacy,mistral_small_3_2,single,claude_sonnet_4_6,0.0,0.0
infectious_001,sparse,claude_haiku_4_5,single,claude_sonnet_4_6,0.147,0.147
infectious_001,sparse,gpt_4o,single,claude_sonnet_4_6,0.14,-0.14
infectious_001,sparse,mistral_small_3_2,single,claude_sonnet_4_6,0.14,-0.14
infectious_001,verbose,claude_haiku_4_5,single,claude_sonnet_4_6,0.14,0.14
infectious_001,verbose,gpt_4o,single,claude_sonnet_4_6,0.0,0.0
infectious_001,verbose,mistral_small_3_2,single,claude_sonnet_4_6,0.287,0.287
infectious_002,cooperative,claude_haiku_4_5,single,claude_sonnet_4_6,0.0,0.0
infectious_002,cooperative,gpt_4o,single,claude_sonnet_4_6,0.14,0.14
infectious_002,cooperative,mistral_small_3_2,single,claude_sonnet_4_6,0.14,0.14
infectious_002,low_health_literacy,claude_haiku_4_5,single,claude_sonnet_4_6,0.143,0.143
infectious_002,low_health_literacy,gpt_4o,single,claude_sonnet_4_6,0.147,-0.147
infectious_002,low_health_literacy,mistral_small_3_2,single,claude_sonnet_4_6,0.14,-0.14
infectious_002,sparse,claude_haiku_4_5,single,claude_sonnet_4_6,0.147,0.147
infectious_002,sparse,gpt_4o,single,claude_sonnet_4_6,0.0,0.0
infectious_002,sparse,mistral_small_3_2,single,claude_sonnet_4_6,0.57,0.57
infectious_002,verbose,claude_haiku_4_5,single,claude_sonnet_4_6,0.0,0.0
infectious_002,verbose,gpt_4o,single,claude_sonnet_4_6,0.0,0.0
infectious_002,verbose,mistral_small_3_2,single,claude_sonnet_4_6,0.28,-0.28
infectious_003,cooperative,claude_haiku_4_5,single,claude_sonnet_4_6,0.287,0.287
infectious_003,cooperative,gpt_4o,single,claude_sonnet_4_6,0.0,0.0
infectious_003,cooperative,mistral_small_3_2,single,claude_sonnet_4_6,0.28,0.28
infectious_003,low_health_literacy,claude_haiku_4_5,single,claude_sonnet_4_6,0.0,0.0
infectious_003,low_health_literacy,gpt_4o,single,claude_sonnet_4_6,0.0,0.0
infectious_003,low_health_literacy,mistral_small_3_2,single,claude_sonnet_4_6,0.14,0.14
infectious_003,sparse,claude_haiku_4_5,single,claude_sonnet_4_6,0.287,-0.287
infectious_003,sparse,gpt_4o,single,claude_sonnet_4_6,0.28,-0.28
infectious_003,sparse,mistral_small_3_2,single,claude_sonnet_4_6,0.0,0.0
infectious_003,verbose,claude_haiku_4_5,single,claude_sonnet_4_6,0.427,0.427
infectious_003,verbose,gpt_4o,single,claude_sonnet_4_6,0.0,0.0
infectious_003,verbose,mistral_small_3_2,single,claude_sonnet_4_6,0.0,0.0
cardio_001,cooperative,claude_haiku_4_5,single,gpt_4o,0.0,0.0
cardio_001,cooperative,gpt_4o,single,gpt_4o,0.14,0.14
cardio_001,cooperative,mistral_small_3_2,single,gpt_4o,0.0,0.0
cardio_001,low_health_literacy,claude_haiku_4_5,single,gpt_4o,0.0,0.0
cardio_001,low_health_literacy,gpt_4o,single,gpt_4o,0.0,0.0
cardio_001,low_health_literacy,mistral_small_3_2,single,gpt_4o,0.29,0.29
cardio_001,sparse,claude_haiku_4_5,single,gpt_4o,0.0,0.0
cardio_001,sparse,gpt_4o,single,gpt_4o,0.0,0.0
cardio_001,sparse,mistral_small_3_2,single,gpt_4o,0.0,0.0
cardio_001,verbose,claude_haiku_4_5,single,gpt_4o,0.0,0.0
cardio_001,verbose,gpt_4o,single,gpt_4o,0.14,0.14
cardio_001,verbose,mistral_small_3_2,single,gpt_4o,0.0,0.0
cardio_002,cooperative,claude_haiku_4_5,single,gpt_4o,0.0,0.0
cardio_002,cooperative,gpt_4o,single,gpt_4o,0.427,0.427
cardio_002,cooperative,mistral_small_3_2,single,gpt_4o,0.0,0.0
cardio_002,low_health_literacy,claude_haiku_4_5,single,gpt_4o,0.143,0.143
cardio_002,low_health_literacy,gpt_4o,single,gpt_4o,0.147,0.147
cardio_002,low_health_literacy,mistral_small_3_2,single,gpt_4o,0.143,0.143
cardio_002,sparse,claude_haiku_4_5,single,gpt_4o,0.0,0.0
cardio_002,sparse,gpt_4o,single,gpt_4o,0.0,0.0
cardio_002,sparse,mistral_small_3_2,single,gpt_4o,0.0,0.0
cardio_002,verbose,claude_haiku_4_5,single,gpt_4o,0.0,0.0
cardio_002,verbose,gpt_4o,single,gpt_4o,0.567,0.567
cardio_002,verbose,mistral_small_3_2,single,gpt_4o,0.43,0.43
cardio_003,cooperative,claude_haiku_4_5,single,gpt_4o,0.14,-0.14
cardio_003,cooperative,gpt_4o,single,gpt_4o,0.0,0.0
cardio_003,cooperative,mistral_small_3_2,single,gpt_4o,0.004,0.004
cardio_003,low_health_literacy,claude_haiku_4_5,single,gpt_4o,0.14,0.14
cardio_003,low_health_literacy,gpt_4o,single,gpt_4o,0.28,-0.28
cardio_003,low_health_literacy,mistral_small_3_2,single,gpt_4o,0.14,-0.14
cardio_003,sparse,claude_haiku_4_5,single,gpt_4o,0.14,-0.14
cardio_003,sparse,gpt_4o,single,gpt_4o,0.0,0.0
cardio_003,sparse,mistral_small_3_2,single,gpt_4o,0.14,-0.14
cardio_003,verbose,claude_haiku_4_5,single,gpt_4o,0.0,0.0
cardio_003,verbose,gpt_4o,single,gpt_4o,0.0,0.0
cardio_003,verbose,mistral_small_3_2,single,gpt_4o,0.14,0.14
cardio_004,cooperative,claude_haiku_4_5,single,gpt_4o,0.143,-0.143
cardio_004,cooperative,gpt_4o,single,gpt_4o,0.14,0.14
cardio_004,cooperative,mistral_small_3_2,single,gpt_4o,0.14,0.14
cardio_004,low_health_literacy,claude_haiku_4_5,single,gpt_4o,0.0,0.0
cardio_004,low_health_literacy,gpt_4o,single,gpt_4o,0.0,0.0
cardio_004,low_health_literacy,mistral_small_3_2,single,gpt_4o,0.0,0.0
cardio_004,sparse,claude_haiku_4_5,single,gpt_4o,0.29,-0.29
cardio_004,sparse,gpt_4o,single,gpt_4o,0.28,-0.28
cardio_004,sparse,mistral_small_3_2,single,gpt_4o,0.28,-0.28
cardio_004,verbose,claude_haiku_4_5,single,gpt_4o,0.0,0.0
cardio_004,verbose,gpt_4o,single,gpt_4o,0.0,0.0
cardio_004,verbose,mistral_small_3_2,single,gpt_4o,0.14,-0.14
cardio_005,cooperative,claude_haiku_4_5,single,gpt_4o,0.0,0.0
cardio_005,cooperative,gpt_4o,single,gpt_4o,0.0,0.0
cardio_005,cooperative,mistral_small_3_2,single,gpt_4o,0.144,0.144
cardio_005,low_health_literacy,claude_haiku_4_5,single,gpt_4o,0.0,0.0
cardio_005,low_health_literacy,gpt_4o,single,gpt_4o,0.14,0.14
cardio_005,low_health_literacy,mistral_small_3_2,single,gpt_4o,0.0,0.0
cardio_005,sparse,claude_haiku_4_5,single,gpt_4o,0.0,0.0
cardio_005,sparse,gpt_4o,single,gpt_4o,0.14,0.14
cardio_005,sparse,mistral_small_3_2,single,gpt_4o,0.42,0.42
cardio_005,verbose,claude_haiku_4_5,single,gpt_4o,0.0,0.0
cardio_005,verbose,gpt_4o,single,gpt_4o,0.147,-0.147
cardio_005,verbose,mistral_small_3_2,single,gpt_4o,0.427,0.427
infectious_001,cooperative,claude_haiku_4_5,single,gpt_4o,0.0,0.0
infectious_001,cooperative,gpt_4o,single,gpt_4o,0.14,0.14
infectious_001,cooperative,mistral_small_3_2,single,gpt_4o,0.28,0.28
infectious_001,low_health_literacy,claude_haiku_4_5,single,gpt_4o,0.0,0.0
infectious_001,low_health_literacy,gpt_4o,single,gpt_4o,0.14,-0.14
infectious_001,low_health_literacy,mistral_small_3_2,single,gpt_4o,0.14,-0.14
infectious_001,sparse,claude_haiku_4_5,single,gpt_4o,0.0,0.0
infectious_001,sparse,gpt_4o,single,gpt_4o,0.0,0.0
infectious_001,sparse,mistral_small_3_2,single,gpt_4o,0.0,0.0
infectious_001,verbose,claude_haiku_4_5,single,gpt_4o,0.14,0.14
infectious_001,verbose,gpt_4o,single,gpt_4o,0.0,0.0
infectious_001,verbose,mistral_small_3_2,single,gpt_4o,0.287,0.287
infectious_002,cooperative,claude_haiku_4_5,single,gpt_4o,0.143,0.143
infectious_002,cooperative,gpt_4o,single,gpt_4o,0.14,-0.14
infectious_002,cooperative,mistral_small_3_2,single,gpt_4o,0.14,0.14
infectious_002,low_health_literacy,claude_haiku_4_5,single,gpt_4o,0.143,0.143
infectious_002,low_health_literacy,gpt_4o,single,gpt_4o,0.14,0.14
infectious_002,low_health_literacy,mistral_small_3_2,single,gpt_4o,0.0,0.0
infectious_002,sparse,claude_haiku_4_5,single,gpt_4o,0.143,-0.143
infectious_002,sparse,gpt_4o,single,gpt_4o,0.14,0.14
infectious_002,sparse,mistral_small_3_2,single,gpt_4o,0.14,0.14
infectious_002,verbose,claude_haiku_4_5,single,gpt_4o,0.29,0.29
infectious_002,verbose,gpt_4o,single,gpt_4o,0.42,0.42
infectious_002,verbose,mistral_small_3_2,single,gpt_4o,0.14,0.14
infectious_003,cooperative,claude_haiku_4_5,single,gpt_4o,0.0,0.0
infectious_003,cooperative,gpt_4o,single,gpt_4o,0.0,0.0
infectious_003,cooperative,mistral_small_3_2,single,gpt_4o,0.28,0.28
infectious_003,low_health_literacy,claude_haiku_4_5,single,gpt_4o,0.287,-0.287
infectious_003,low_health_literacy,gpt_4o,single,gpt_4o,0.14,0.14
infectious_003,low_health_literacy,mistral_small_3_2,single,gpt_4o,0.0,0.0
infectious_003,sparse,claude_haiku_4_5,single,gpt_4o,0.0,0.0
infectious_003,sparse,gpt_4o,single,gpt_4o,0.28,-0.28
infectious_003,sparse,mistral_small_3_2,single,gpt_4o,0.28,-0.28
infectious_003,verbose,claude_haiku_4_5,single,gpt_4o,0.427,0.427
infectious_003,verbose,gpt_4o,single,gpt_4o,0.28,0.28
infectious_003,verbose,mistral_small_3_2,single,gpt_4o,0.43,0.43
