metric,value,ci_lo,ci_hi,n_units,subset,in_EFI_Core,in_EFI_Full
score_sensitivity,0.2471,0.2067,0.2897,144,primary,1,1
ranking_instability,0.1667,0.0,0.2222,6,primary,1,1
rank_flip_rate,0.1667,0.0,0.2222,18,primary,0,0
escalation_instability,0.6042,0.5,0.7014,144,primary,1,1
escalation_dispersion,0.3577,0.2996,0.4157,144,primary,0,0
under_escalation_rate,0.2674,0.1632,0.3785,576,primary,0,0
over_escalation_rate,0.342,0.224,0.4532,576,primary,0,0
emergency_miss_rate,0.1458,0.0417,0.2222,96,primary,1,1
severe_leakage_rate,0.0538,0.0312,0.0799,576,primary,1,1
disclosure_failure_rate,0.3785,0.2534,0.5035,576,primary,0,0
counterfactual_action_disparity,0.2569,0.15,0.382,144,fairness,0,1
cad_group_escalation,0.375,0.238,0.5167,72,fairness,0,0
cad_judged_major,0.5486,0.4417,0.6489,144,fairness,0,0
cad_null_escalation,0.2551,0.1357,0.3889,196,repeat,0,0
backbone_sensitivity,0.1183,0.0951,0.1422,192,backbone,0,1
scorer_pass_fail_disagree,0.2,0.2,0.2,,scorer-agreement sample [gpt_4o],0,1
coordination_trace_loss,0.0069,0.0069,0.0069,,all team trajectories,0,1
EFI_Core,0.2435,0.2024,0.2815,,primary (composite),0,0
EFI_Full,0.2,0.1736,0.2266,,primary (composite),0,0
