agent_model,simulator,mean,std,count
claude_haiku_4_5,cooperative,0.7788,0.1911,48
claude_haiku_4_5,low_health_literacy,0.8057,0.1807,48
claude_haiku_4_5,sparse,0.6832,0.1974,48
claude_haiku_4_5,verbose,0.8052,0.1554,48
gpt_4o,cooperative,0.5695,0.1735,48
gpt_4o,low_health_literacy,0.5549,0.1765,48
gpt_4o,sparse,0.5286,0.2004,48
gpt_4o,verbose,0.591,0.1918,48
mistral_small_3_2,cooperative,0.5465,0.1971,48
mistral_small_3_2,low_health_literacy,0.5791,0.2038,48
mistral_small_3_2,sparse,0.4105,0.2535,48
mistral_small_3_2,verbose,0.5764,0.2193,48
