agent_model,simulator,n,under_pct,exact_pct,over_pct,emergency_misses,emr_pct
claude_haiku_4_5,cooperative,48,14.6,41.7,43.8,0/8,0.0
claude_haiku_4_5,full_info_static,48,8.3,20.8,70.8,0/8,0.0
claude_haiku_4_5,low_health_literacy,48,8.3,29.2,62.5,0/8,0.0
claude_haiku_4_5,sparse,48,12.5,50.0,37.5,0/8,0.0
claude_haiku_4_5,verbose,48,10.4,33.3,56.2,0/8,0.0
gpt_4o,cooperative,48,27.1,43.8,29.2,2/8,25.0
gpt_4o,full_info_static,48,8.3,20.8,70.8,0/8,0.0
gpt_4o,low_health_literacy,48,22.9,35.4,41.7,0/8,0.0
gpt_4o,sparse,48,27.1,47.9,25.0,2/8,25.0
gpt_4o,verbose,48,27.1,39.6,33.3,0/8,0.0
mistral_small_3_2,cooperative,48,45.8,35.4,18.8,3/8,37.5
mistral_small_3_2,full_info_static,48,6.2,29.2,64.6,0/8,0.0
mistral_small_3_2,low_health_literacy,48,27.1,37.5,35.4,0/8,0.0
mistral_small_3_2,sparse,48,58.3,35.4,6.2,5/8,62.5
mistral_small_3_2,verbose,48,39.6,39.6,20.8,2/8,25.0
