agent_model,simulator,disclosure_failure_rate
claude_haiku_4_5,cooperative,0.25
claude_haiku_4_5,full_info_static,1.0
claude_haiku_4_5,low_health_literacy,0.2708
claude_haiku_4_5,sparse,0.2708
claude_haiku_4_5,verbose,0.2708
gpt_4o,cooperative,0.3958
gpt_4o,full_info_static,1.0
gpt_4o,low_health_literacy,0.5
gpt_4o,sparse,0.4792
gpt_4o,verbose,0.4583
mistral_small_3_2,cooperative,0.3542
mistral_small_3_2,full_info_static,1.0
mistral_small_3_2,low_health_literacy,0.3958
mistral_small_3_2,sparse,0.4792
mistral_small_3_2,verbose,0.4167
