simulator,agent_model,n,under_rate,exact_rate,over_rate,n_emergency,emergency_misses,emr
cooperative,claude_haiku_4_5,48,0.1458,0.4167,0.4375,8,0,0.0
cooperative,gpt_4o,48,0.2708,0.4375,0.2917,8,2,0.25
cooperative,mistral_small_3_2,48,0.4583,0.3542,0.1875,8,3,0.375
full_info_static,claude_haiku_4_5,48,0.0833,0.2083,0.7083,8,0,0.0
full_info_static,gpt_4o,48,0.0833,0.2083,0.7083,8,0,0.0
full_info_static,mistral_small_3_2,48,0.0625,0.2917,0.6458,8,0,0.0
low_health_literacy,claude_haiku_4_5,48,0.0833,0.2917,0.625,8,0,0.0
low_health_literacy,gpt_4o,48,0.2292,0.3542,0.4167,8,0,0.0
low_health_literacy,mistral_small_3_2,48,0.2708,0.375,0.3542,8,0,0.0
sparse,claude_haiku_4_5,48,0.125,0.5,0.375,8,0,0.0
sparse,gpt_4o,48,0.2708,0.4792,0.25,8,2,0.25
sparse,mistral_small_3_2,48,0.5833,0.3542,0.0625,8,5,0.625
verbose,claude_haiku_4_5,48,0.1042,0.3333,0.5625,8,0,0.0
verbose,gpt_4o,48,0.2708,0.3958,0.3333,8,0,0.0
verbose,mistral_small_3_2,48,0.3958,0.3958,0.2083,8,2,0.25
