outcome,term,estimate,se_cluster_case,t,p,ci_lo,ci_hi,n,n_cases
normalized,verbosity,0.0386,0.0216,1.7857,0.1173,-0.0038,0.0809,192,8
normalized,withholding,-0.006,0.0088,-0.6835,0.5163,-0.0232,0.0112,192,8
normalized,low_literacy,-0.0087,0.0162,-0.5373,0.6077,-0.0404,0.023,192,8
normalized,distractors,-0.0237,0.0227,-1.0427,0.3317,-0.0682,0.0208,192,8
under_esc,verbosity,-0.0417,0.0326,-1.2771,0.2423,-0.1056,0.0223,192,8
under_esc,withholding,0.0208,0.0141,1.4746,0.1838,-0.0069,0.0485,192,8
under_esc,low_literacy,-0.0,0.0163,-0.0,1.0,-0.032,0.032,192,8
under_esc,distractors,0.0208,0.0141,1.4746,0.1838,-0.0069,0.0485,192,8
disclosure_failure,verbosity,0.0521,0.0691,0.7538,0.4755,-0.0833,0.1875,192,8
disclosure_failure,withholding,-0.0521,0.046,-1.1332,0.2944,-0.1422,0.038,192,8
disclosure_failure,low_literacy,0.0312,0.0362,0.8621,0.4172,-0.0398,0.1023,192,8
disclosure_failure,distractors,-0.0313,0.028,-1.1177,0.3006,-0.0861,0.0236,192,8
