sim_a,sim_b,model_i,model_j,gap_a,gap_b,nominal_flip,flip,margin
cooperative,low_health_literacy,claude_haiku_4_5,gpt_4o,0.2092,0.2508,0,0,0.0
cooperative,low_health_literacy,claude_haiku_4_5,mistral_small_3_2,0.2323,0.2266,0,0,0.0
cooperative,low_health_literacy,gpt_4o,mistral_small_3_2,0.023,-0.0242,1,1,0.0
cooperative,sparse,claude_haiku_4_5,gpt_4o,0.2092,0.1546,0,0,0.0
cooperative,sparse,claude_haiku_4_5,mistral_small_3_2,0.2323,0.2727,0,0,0.0
cooperative,sparse,gpt_4o,mistral_small_3_2,0.023,0.1182,0,0,0.0
cooperative,verbose,claude_haiku_4_5,gpt_4o,0.2092,0.2142,0,0,0.0
cooperative,verbose,claude_haiku_4_5,mistral_small_3_2,0.2323,0.2288,0,0,0.0
cooperative,verbose,gpt_4o,mistral_small_3_2,0.023,0.0146,0,0,0.0
low_health_literacy,sparse,claude_haiku_4_5,gpt_4o,0.2508,0.1546,0,0,0.0
low_health_literacy,sparse,claude_haiku_4_5,mistral_small_3_2,0.2266,0.2727,0,0,0.0
low_health_literacy,sparse,gpt_4o,mistral_small_3_2,-0.0242,0.1182,1,1,0.0
low_health_literacy,verbose,claude_haiku_4_5,gpt_4o,0.2508,0.2142,0,0,0.0
low_health_literacy,verbose,claude_haiku_4_5,mistral_small_3_2,0.2266,0.2288,0,0,0.0
low_health_literacy,verbose,gpt_4o,mistral_small_3_2,-0.0242,0.0146,1,1,0.0
sparse,verbose,claude_haiku_4_5,gpt_4o,0.1546,0.2142,0,0,0.0
sparse,verbose,claude_haiku_4_5,mistral_small_3_2,0.2727,0.2288,0,0,0.0
sparse,verbose,gpt_4o,mistral_small_3_2,0.1182,0.0146,0,0,0.0
cooperative,low_health_literacy,claude_haiku_4_5,gpt_4o,0.2092,0.2508,0,0,0.02
cooperative,low_health_literacy,claude_haiku_4_5,mistral_small_3_2,0.2323,0.2266,0,0,0.02
cooperative,low_health_literacy,gpt_4o,mistral_small_3_2,0.023,-0.0242,1,1,0.02
cooperative,sparse,claude_haiku_4_5,gpt_4o,0.2092,0.1546,0,0,0.02
cooperative,sparse,claude_haiku_4_5,mistral_small_3_2,0.2323,0.2727,0,0,0.02
cooperative,sparse,gpt_4o,mistral_small_3_2,0.023,0.1182,0,0,0.02
cooperative,verbose,claude_haiku_4_5,gpt_4o,0.2092,0.2142,0,0,0.02
cooperative,verbose,claude_haiku_4_5,mistral_small_3_2,0.2323,0.2288,0,0,0.02
cooperative,verbose,gpt_4o,mistral_small_3_2,0.023,0.0146,0,0,0.02
low_health_literacy,sparse,claude_haiku_4_5,gpt_4o,0.2508,0.1546,0,0,0.02
low_health_literacy,sparse,claude_haiku_4_5,mistral_small_3_2,0.2266,0.2727,0,0,0.02
low_health_literacy,sparse,gpt_4o,mistral_small_3_2,-0.0242,0.1182,1,1,0.02
low_health_literacy,verbose,claude_haiku_4_5,gpt_4o,0.2508,0.2142,0,0,0.02
low_health_literacy,verbose,claude_haiku_4_5,mistral_small_3_2,0.2266,0.2288,0,0,0.02
low_health_literacy,verbose,gpt_4o,mistral_small_3_2,-0.0242,0.0146,1,0,0.02
sparse,verbose,claude_haiku_4_5,gpt_4o,0.1546,0.2142,0,0,0.02
sparse,verbose,claude_haiku_4_5,mistral_small_3_2,0.2727,0.2288,0,0,0.02
sparse,verbose,gpt_4o,mistral_small_3_2,0.1182,0.0146,0,0,0.02
cooperative,low_health_literacy,claude_haiku_4_5,gpt_4o,0.2092,0.2508,0,0,0.05
cooperative,low_health_literacy,claude_haiku_4_5,mistral_small_3_2,0.2323,0.2266,0,0,0.05
cooperative,low_health_literacy,gpt_4o,mistral_small_3_2,0.023,-0.0242,1,0,0.05
cooperative,sparse,claude_haiku_4_5,gpt_4o,0.2092,0.1546,0,0,0.05
cooperative,sparse,claude_haiku_4_5,mistral_small_3_2,0.2323,0.2727,0,0,0.05
cooperative,sparse,gpt_4o,mistral_small_3_2,0.023,0.1182,0,0,0.05
cooperative,verbose,claude_haiku_4_5,gpt_4o,0.2092,0.2142,0,0,0.05
cooperative,verbose,claude_haiku_4_5,mistral_small_3_2,0.2323,0.2288,0,0,0.05
cooperative,verbose,gpt_4o,mistral_small_3_2,0.023,0.0146,0,0,0.05
low_health_literacy,sparse,claude_haiku_4_5,gpt_4o,0.2508,0.1546,0,0,0.05
low_health_literacy,sparse,claude_haiku_4_5,mistral_small_3_2,0.2266,0.2727,0,0,0.05
low_health_literacy,sparse,gpt_4o,mistral_small_3_2,-0.0242,0.1182,1,0,0.05
low_health_literacy,verbose,claude_haiku_4_5,gpt_4o,0.2508,0.2142,0,0,0.05
low_health_literacy,verbose,claude_haiku_4_5,mistral_small_3_2,0.2266,0.2288,0,0,0.05
low_health_literacy,verbose,gpt_4o,mistral_small_3_2,-0.0242,0.0146,1,0,0.05
sparse,verbose,claude_haiku_4_5,gpt_4o,0.1546,0.2142,0,0,0.05
sparse,verbose,claude_haiku_4_5,mistral_small_3_2,0.2727,0.2288,0,0,0.05
sparse,verbose,gpt_4o,mistral_small_3_2,0.1182,0.0146,0,0,0.05
cooperative,low_health_literacy,claude_haiku_4_5,gpt_4o,0.2092,0.2508,0,0,0.1
cooperative,low_health_literacy,claude_haiku_4_5,mistral_small_3_2,0.2323,0.2266,0,0,0.1
cooperative,low_health_literacy,gpt_4o,mistral_small_3_2,0.023,-0.0242,1,0,0.1
cooperative,sparse,claude_haiku_4_5,gpt_4o,0.2092,0.1546,0,0,0.1
cooperative,sparse,claude_haiku_4_5,mistral_small_3_2,0.2323,0.2727,0,0,0.1
cooperative,sparse,gpt_4o,mistral_small_3_2,0.023,0.1182,0,0,0.1
cooperative,verbose,claude_haiku_4_5,gpt_4o,0.2092,0.2142,0,0,0.1
cooperative,verbose,claude_haiku_4_5,mistral_small_3_2,0.2323,0.2288,0,0,0.1
cooperative,verbose,gpt_4o,mistral_small_3_2,0.023,0.0146,0,0,0.1
low_health_literacy,sparse,claude_haiku_4_5,gpt_4o,0.2508,0.1546,0,0,0.1
low_health_literacy,sparse,claude_haiku_4_5,mistral_small_3_2,0.2266,0.2727,0,0,0.1
low_health_literacy,sparse,gpt_4o,mistral_small_3_2,-0.0242,0.1182,1,0,0.1
low_health_literacy,verbose,claude_haiku_4_5,gpt_4o,0.2508,0.2142,0,0,0.1
low_health_literacy,verbose,claude_haiku_4_5,mistral_small_3_2,0.2266,0.2288,0,0,0.1
low_health_literacy,verbose,gpt_4o,mistral_small_3_2,-0.0242,0.0146,1,0,0.1
sparse,verbose,claude_haiku_4_5,gpt_4o,0.1546,0.2142,0,0,0.1
sparse,verbose,claude_haiku_4_5,mistral_small_3_2,0.2727,0.2288,0,0,0.1
sparse,verbose,gpt_4o,mistral_small_3_2,0.1182,0.0146,0,0,0.1
cooperative,low_health_literacy,claude_haiku_4_5,gpt_4o,0.2092,0.2508,0,0,0.12266666666666669
cooperative,low_health_literacy,claude_haiku_4_5,mistral_small_3_2,0.2323,0.2266,0,0,0.12266666666666669
cooperative,low_health_literacy,gpt_4o,mistral_small_3_2,0.023,-0.0242,1,0,0.12266666666666669
cooperative,sparse,claude_haiku_4_5,gpt_4o,0.2092,0.1546,0,0,0.12266666666666669
cooperative,sparse,claude_haiku_4_5,mistral_small_3_2,0.2323,0.2727,0,0,0.12266666666666669
cooperative,sparse,gpt_4o,mistral_small_3_2,0.023,0.1182,0,0,0.12266666666666669
cooperative,verbose,claude_haiku_4_5,gpt_4o,0.2092,0.2142,0,0,0.12266666666666669
cooperative,verbose,claude_haiku_4_5,mistral_small_3_2,0.2323,0.2288,0,0,0.12266666666666669
cooperative,verbose,gpt_4o,mistral_small_3_2,0.023,0.0146,0,0,0.12266666666666669
low_health_literacy,sparse,claude_haiku_4_5,gpt_4o,0.2508,0.1546,0,0,0.12266666666666669
low_health_literacy,sparse,claude_haiku_4_5,mistral_small_3_2,0.2266,0.2727,0,0,0.12266666666666669
low_health_literacy,sparse,gpt_4o,mistral_small_3_2,-0.0242,0.1182,1,0,0.12266666666666669
low_health_literacy,verbose,claude_haiku_4_5,gpt_4o,0.2508,0.2142,0,0,0.12266666666666669
low_health_literacy,verbose,claude_haiku_4_5,mistral_small_3_2,0.2266,0.2288,0,0,0.12266666666666669
low_health_literacy,verbose,gpt_4o,mistral_small_3_2,-0.0242,0.0146,1,0,0.12266666666666669
sparse,verbose,claude_haiku_4_5,gpt_4o,0.1546,0.2142,0,0,0.12266666666666669
sparse,verbose,claude_haiku_4_5,mistral_small_3_2,0.2727,0.2288,0,0,0.12266666666666669
sparse,verbose,gpt_4o,mistral_small_3_2,0.1182,0.0146,0,0,0.12266666666666669
