sim_a,sim_b,model_i,model_j,p_flip,p_i_beats_j_sim_a,p_i_beats_j_sim_b,n_boot
cooperative,low_health_literacy,claude_haiku_4_5,gpt_4o,0.0,1.0,1.0,1000
cooperative,low_health_literacy,claude_haiku_4_5,mistral_small_3_2,0.0,1.0,1.0,1000
cooperative,low_health_literacy,gpt_4o,mistral_small_3_2,0.679,0.786,0.175,1000
cooperative,sparse,claude_haiku_4_5,gpt_4o,0.0,1.0,1.0,1000
cooperative,sparse,claude_haiku_4_5,mistral_small_3_2,0.0,1.0,1.0,1000
cooperative,sparse,gpt_4o,mistral_small_3_2,0.214,0.786,1.0,1000
cooperative,verbose,claude_haiku_4_5,gpt_4o,0.0,1.0,1.0,1000
cooperative,verbose,claude_haiku_4_5,mistral_small_3_2,0.0,1.0,1.0,1000
cooperative,verbose,gpt_4o,mistral_small_3_2,0.361,0.786,0.707,1000
low_health_literacy,sparse,claude_haiku_4_5,gpt_4o,0.0,1.0,1.0,1000
low_health_literacy,sparse,claude_haiku_4_5,mistral_small_3_2,0.0,1.0,1.0,1000
low_health_literacy,sparse,gpt_4o,mistral_small_3_2,0.825,0.175,1.0,1000
low_health_literacy,verbose,claude_haiku_4_5,gpt_4o,0.0,1.0,1.0,1000
low_health_literacy,verbose,claude_haiku_4_5,mistral_small_3_2,0.0,1.0,1.0,1000
low_health_literacy,verbose,gpt_4o,mistral_small_3_2,0.612,0.175,0.707,1000
sparse,verbose,claude_haiku_4_5,gpt_4o,0.0,1.0,1.0,1000
sparse,verbose,claude_haiku_4_5,mistral_small_3_2,0.0,1.0,1.0,1000
sparse,verbose,gpt_4o,mistral_small_3_2,0.293,1.0,0.707,1000
