trajectory_id,primary_normalized,primary_raw,alt_normalized,alt_raw,simulator,agent_model
infectious_002__cooperative__single__claude_haiku_4_5__claude_haiku_4_5__ses_swap__0__8fb6d47a48,0.857,6,1.0,7,cooperative,claude_haiku_4_5
cardio_001__cooperative__team__claude_haiku_4_5__claude_haiku_4_5__baseline__0__eb3dcec6b4,1.0,7,0.57,4,cooperative,claude_haiku_4_5
primary_001__cooperative__team__claude_haiku_4_5__claude_haiku_4_5__baseline__0__80744bda51,0.71,5,0.8571428571428571,6,cooperative,claude_haiku_4_5
cardio_003__cooperative__team__claude_haiku_4_5__claude_haiku_4_5__minority_swap__0__bd6ce8dea2,0.57,4,0.7142857142857143,5,cooperative,claude_haiku_4_5
cardio_002__cooperative__single__claude_haiku_4_5__gpt_5__baseline__0__f9f3bf7c86,1.0,7,1.0,7,cooperative,claude_haiku_4_5
cardio_001__cooperative__single__gpt_5__claude_haiku_4_5__baseline__0__e3f8475ccc,0.71,5,0.7142857142857143,5,cooperative,gpt_4o
infectious_003__cooperative__team__gpt_5__claude_haiku_4_5__minority_swap__0__6da82807f9,0.43,3,0.57,4,cooperative,gpt_4o
infectious_003__cooperative__single__gpt_5__claude_haiku_4_5__minority_swap__0__cfa8bd70c2,0.57,4,0.57,4,cooperative,gpt_4o
infectious_001__cooperative__team__gpt_5__claude_haiku_4_5__minority_swap__0__54f5681d22,0.57,4,0.857,6,cooperative,gpt_4o
infectious_001__cooperative__single__gpt_5__claude_haiku_4_5__ses_swap__0__06864cd036,0.57,4,0.857,6,cooperative,gpt_4o
cardio_004__cooperative__single__mistral_small_3_2__claude_haiku_4_5__ses_swap__0__f72a921ece,0.29,2,0.7142857142857143,5,cooperative,mistral_small_3_2
infectious_002__cooperative__single__mistral_small_3_2__claude_haiku_4_5__ses_swap__0__2b5dd476cc,0.43,3,0.857,6,cooperative,mistral_small_3_2
primary_004__cooperative__single__mistral_small_3_2__claude_haiku_4_5__baseline__0__e89ed5bcca,0.71,5,0.857,6,cooperative,mistral_small_3_2
mental_002__cooperative__team__mistral_small_3_2__claude_haiku_4_5__baseline__0__a3be37a4fb,0.29,2,0.57,4,cooperative,mistral_small_3_2
medsafety_001__cooperative__single__mistral_small_3_2__claude_haiku_4_5__baseline__0__5ba7d60810,0.857,6,1.0,7,cooperative,mistral_small_3_2
medsafety_002__low_health_literacy__single__claude_haiku_4_5__claude_haiku_4_5__baseline__0__94c13ee951,0.57,4,1.0,7,low_health_literacy,claude_haiku_4_5
medsafety_001__low_health_literacy__single__claude_haiku_4_5__claude_haiku_4_5__baseline__2__c7fea80c7f,0.71,5,1.0,7,low_health_literacy,claude_haiku_4_5
infectious_001__low_health_literacy__single__claude_haiku_4_5__claude_haiku_4_5__baseline__1__cb052e2b22,0.57,4,1.0,7,low_health_literacy,claude_haiku_4_5
infectious_005__low_health_literacy__single__claude_haiku_4_5__claude_haiku_4_5__baseline__0__979710b31b,0.71,5,1.0,7,low_health_literacy,claude_haiku_4_5
medsafety_005__low_health_literacy__single__claude_haiku_4_5__claude_haiku_4_5__baseline__0__53269dd937,0.57,4,0.857,6,low_health_literacy,claude_haiku_4_5
cardio_005__low_health_literacy__single__gpt_5__claude_sonnet_4_6__baseline__0__8f6f6968b9,0.71,5,1.0,7,low_health_literacy,gpt_4o
cardio_003__low_health_literacy__team__gpt_5__claude_haiku_4_5__baseline__0__d7fe3953f9,0.71,5,0.57,4,low_health_literacy,gpt_4o
medsafety_004__low_health_literacy__team__gpt_5__claude_haiku_4_5__baseline__0__5692dd6c71,0.29,2,0.57,4,low_health_literacy,gpt_4o
infectious_004__low_health_literacy__team__gpt_5__claude_haiku_4_5__baseline__0__e842e00d1c,0.57,4,0.857,6,low_health_literacy,gpt_4o
medsafety_005__low_health_literacy__single__gpt_5__claude_haiku_4_5__baseline__0__3e66361ae4,0.14,1,0.57,4,low_health_literacy,gpt_4o
mental_001__low_health_literacy__single__mistral_small_3_2__claude_haiku_4_5__baseline__0__dc75c452a1,0.857,6,0.7142857142857143,5,low_health_literacy,mistral_small_3_2
medsafety_001__low_health_literacy__single__mistral_small_3_2__claude_haiku_4_5__baseline__0__ad6f29f276,0.57,4,0.857,6,low_health_literacy,mistral_small_3_2
cardio_005__low_health_literacy__single__mistral_small_3_2__claude_sonnet_4_6__baseline__0__e9d5e67ae0,0.857,6,0.7142857142857143,5,low_health_literacy,mistral_small_3_2
infectious_003__low_health_literacy__single__mistral_small_3_2__gpt_5__baseline__0__4d800fd169,0.57,4,0.57,4,low_health_literacy,mistral_small_3_2
cardio_001__low_health_literacy__single__mistral_small_3_2__gpt_5__baseline__0__32ab304863,0.71,5,0.857,6,low_health_literacy,mistral_small_3_2
medsafety_004__sparse__team__claude_haiku_4_5__claude_haiku_4_5__baseline__0__4330dca166,0.57,4,0.7142857142857143,5,sparse,claude_haiku_4_5
cardio_004__sparse__team__claude_haiku_4_5__claude_haiku_4_5__baseline__0__7d41532b64,0.0,0,0.7142857142857143,5,sparse,claude_haiku_4_5
primary_005__sparse__team__claude_haiku_4_5__claude_haiku_4_5__baseline__0__b9d1cf51c0,1.0,7,1.0,7,sparse,claude_haiku_4_5
cardio_001__sparse__team__claude_haiku_4_5__claude_haiku_4_5__baseline__0__ec8a3bd7e0,1.0,7,0.857,6,sparse,claude_haiku_4_5
medsafety_002__sparse__team__claude_haiku_4_5__claude_haiku_4_5__baseline__0__a6bf54a58e,0.57,4,0.7142857142857143,5,sparse,claude_haiku_4_5
primary_003__sparse__team__gpt_5__claude_haiku_4_5__baseline__0__567e3c1d37,0.71,5,0.7142857142857143,5,sparse,gpt_4o
infectious_003__sparse__single__gpt_5__gpt_5__baseline__0__2b78ab156d,0.57,4,0.57,4,sparse,gpt_4o
primary_005__sparse__single__gpt_5__claude_haiku_4_5__baseline__0__5ed3605466,0.71,5,0.857,6,sparse,gpt_4o
cardio_001__sparse__single__gpt_5__gpt_5__baseline__0__6b75b377ee,0.57,4,0.857,6,sparse,gpt_4o
cardio_005__sparse__team__gpt_5__claude_haiku_4_5__baseline__0__9d7a28d1ec,0.71,5,0.857,6,sparse,gpt_4o
mental_001__sparse__single__mistral_small_3_2__claude_haiku_4_5__baseline__0__b07fe126a7,0.57,4,0.7142857142857143,5,sparse,mistral_small_3_2
cardio_001__sparse__single__mistral_small_3_2__claude_sonnet_4_6__baseline__0__d93444cc00,0.857,6,0.57,4,sparse,mistral_small_3_2
infectious_001__sparse__team__mistral_small_3_2__claude_haiku_4_5__baseline__0__a300853c28,0.43,3,0.7142857142857143,5,sparse,mistral_small_3_2
mental_004__sparse__team__mistral_small_3_2__claude_haiku_4_5__baseline__0__7d96347805,0.14,1,0.2857142857142857,2,sparse,mistral_small_3_2
cardio_001__sparse__team__mistral_small_3_2__claude_haiku_4_5__baseline__0__77ffec6c63,0.714,5,0.7142857142857143,5,sparse,mistral_small_3_2
mental_004__verbose__single__claude_haiku_4_5__claude_haiku_4_5__baseline__0__324e9b60ee,0.71,5,1.0,7,verbose,claude_haiku_4_5
infectious_001__verbose__single__claude_haiku_4_5__claude_haiku_4_5__baseline__1__e190fa1fc4,0.857,6,1.0,7,verbose,claude_haiku_4_5
cardio_003__verbose__team__claude_haiku_4_5__claude_haiku_4_5__baseline__0__ad6f007854,0.71,5,0.7142857142857143,5,verbose,claude_haiku_4_5
cardio_005__verbose__single__claude_haiku_4_5__claude_sonnet_4_6__baseline__0__1681552fe9,0.857,6,0.8571428571428571,6,verbose,claude_haiku_4_5
medsafety_005__verbose__single__claude_haiku_4_5__claude_haiku_4_5__baseline__0__0d51d9b8b8,0.57,4,0.8571428571428571,6,verbose,claude_haiku_4_5
medsafety_002__verbose__single__gpt_5__claude_haiku_4_5__baseline__0__55a3a18273,0.14,1,0.57,4,verbose,gpt_4o
infectious_002__verbose__single__gpt_5__claude_haiku_4_5__baseline__0__6c6101d272,0.71,5,1.0,7,verbose,gpt_4o
cardio_001__verbose__team__gpt_5__claude_haiku_4_5__baseline__0__c1569f277c,0.857,6,1.0,7,verbose,gpt_4o
infectious_001__verbose__single__gpt_5__claude_haiku_4_5__baseline__0__983b1f9e1e,0.57,4,0.857,6,verbose,gpt_4o
infectious_002__verbose__single__gpt_5__gpt_5__baseline__0__930ddd0961,0.29,2,0.57,4,verbose,gpt_4o
cardio_003__verbose__single__mistral_small_3_2__gpt_5__baseline__0__af6ea641b7,0.57,4,0.7142857142857143,5,verbose,mistral_small_3_2
mental_004__verbose__team__mistral_small_3_2__claude_haiku_4_5__baseline__0__3728c9a375,0.29,2,0.7142857142857143,5,verbose,mistral_small_3_2
primary_004__verbose__single__mistral_small_3_2__claude_haiku_4_5__baseline__0__a051658de1,0.857,6,0.8571428571428571,6,verbose,mistral_small_3_2
mental_003__verbose__single__mistral_small_3_2__claude_haiku_4_5__baseline__0__dc92bf7e84,0.57,4,1.0,7,verbose,mistral_small_3_2
cardio_005__verbose__team__mistral_small_3_2__claude_haiku_4_5__baseline__0__0d64946d02,0.43,3,0.7142857142857143,5,verbose,mistral_small_3_2
